Sr No,Name of the article,Generated At,Platform
1,Your Ultimate Guide to Ganga Aarti in Rishikesh,2026-06-12 11:56:48,email
2,How BUCKETLISTT Elevates Your Exploration of <b>Things to Do in Rishikesh</b>: Your Ultimate Guide,2026-06-12 11:56:48,email
3,Unlock Your Ultimate BUCKETLISTT Ganga Aarti in Rishikesh Travel Experience,2026-06-12 11:56:48,email
4,Navigate Ganga Aarti in Rishikesh: Triveni vs Parmarth Guide,2026-06-12 11:56:49,email
5,Discover the Best Hotels and Hostels in Rishikesh: Your Ultimate Accommodation Guide,2026-06-12 11:56:49,email
6,Unlock BUCKETLISTT's Guide: How to Reach Rishikesh Effortlessly,2026-06-13 10:22:26,email
7,Which River Rafting in Rishikesh Route: 35 KM or 100 KM?,2026-06-13 10:22:26,email
8,Planning Your Ideal Things to Do in Rishikesh Itinerary?,2026-06-13 10:22:26,email
9,7 Insider Tips for Best Hotels and Hostels in Rishikesh,2026-06-13 10:22:26,email
10,Transformative Journeys: Unveiling the Best Things to Do in Rishikesh with BUCKETLISTT,2026-06-13 10:22:26,email
11,Your Essential Guide to River Rafting in Rishikesh,2026-06-14 06:21:19,email
12,Mastering Your Journey: How to Reach Rishikesh with BUCKETLISTT's Guide,2026-06-14 06:21:20,email
13,Choosing Your River Rafting in Rishikesh Route: 35 KM vs 100 KM,2026-06-14 06:21:20,email
14,Conquer Wild Waters: Your BUCKETLISTT Rafting Travel Guide,2026-06-14 06:21:21,email
15,Your Essential Guide to the <b>Best Hostels in Rishikesh</b> and Top Stays,2026-06-14 06:21:21,email
16,Choosing Best Hotels and Hostels in Rishikesh: Local Secrets,2026-06-14 06:50:45,email
17,Explore 7 Essential Things to Do in Rishikesh for First-Timers,2026-06-14 06:50:45,email
18,Your Ultimate Guide to the <b>Best Hotels and Hostels in Rishikesh</b> with BUCKETLISTT,2026-06-14 06:50:45,email
19,How to Reach Rishikesh: Ultimate Routes & Local Travel Tips for 2026,2026-06-14 06:50:45,email
20,Mastering Your Whitewater Adventure: Unforgettable River Rafting in Rishikesh with BUCKETLISTT,2026-06-14 06:50:46,email
